[
    {
        "country": "Afghanistan",
        "north": 38.4834,
        "south": 29.3775,
        "west": 60.4784,
        "east": 74.8794
    },
    {
        "country": "Albania",
        "north": 42.6656,
        "south": 39.6484,
        "west": 19.294,
        "east": 21.0685
    },
    {
        "country": "Algeria",
        "north": 37.0937,
        "south": 18.96,
        "west": -8.67387,
        "east": 11.9795
    },
    {
        "country": "American Samoa",
        "north": -11.0497,
        "south": -14.3825,
        "west": -171.092,
        "east": -169.416
    },
    {
        "country": "Andorra",
        "north": 42.656,
        "south": 42.4285,
        "west": 1.40719,
        "east": 1.78654
    },
    {
        "country": "Angola",
        "north": -4.37683,
        "south": -18.0421,
        "west": 11.6792,
        "east": 24.0821
    },
    {
        "country": "Anguilla",
        "north": 18.2834,
        "south": 18.1668,
        "west": -63.1729,
        "east": -62.9714
    },
    {
        "country": "Antarctica",
        "north": -60.5155,
        "south": -89.9999,
        "west": -180,
        "east": 180
    },
    {
        "country": "Antigua and Barbuda",
        "north": 17.7294,
        "south": 16.997,
        "west": -61.9064,
        "east": -61.6724
    },
    {
        "country": "Argentina",
        "north": -21.7813,
        "south": -55.0613,
        "west": -73.583,
        "east": -53.5918
    },
    {
        "country": "Armenia",
        "north": 41.3018,
        "south": 38.8305,
        "west": 43.4498,
        "east": 46.7724
    },
    {
        "country": "Aruba",
        "north": 12.6237,
        "south": 12.4117,
        "west": -70.0645,
        "east": -69.8658
    },
    {
        "country": "Australia",
        "north": -10.0628,
        "south": -43.644,
        "west": 112.911,
        "east": 153.639
    },
    {
        "country": "Austria",
        "north": 49.0212,
        "south": 46.3727,
        "west": 9.53095,
        "east": 17.1621
    },
    {
        "country": "Azerbaijan",
        "north": 41.9056,
        "south": 38.3892,
        "west": 44.7741,
        "east": 50.3701
    },
    {
        "country": "Bahamas",
        "north": 26.9192,
        "south": 22.8527,
        "west": -78.9959,
        "east": -74.4239
    },
    {
        "country": "Bahrain",
        "north": 26.2826,
        "south": 25.7969,
        "west": 50.4541,
        "east": 50.6645
    },
    {
        "country": "Bangladesh",
        "north": 26.6319,
        "south": 20.7433,
        "west": 88.0283,
        "east": 92.6737
    },
    {
        "country": "Barbados",
        "north": 13.3273,
        "south": 13.0398,
        "west": -59.6489,
        "east": -59.4204
    },
    {
        "country": "Belarus",
        "north": 56.1658,
        "south": 51.2564,
        "west": 23.1769,
        "east": 32.7708
    },
    {
        "country": "Belgium",
        "north": 51.5054,
        "south": 49.4936,
        "west": 2.54694,
        "east": 6.40386
    },
    {
        "country": "Belize",
        "north": 18.4966,
        "south": 15.8893,
        "west": -89.2248,
        "east": -87.777
    },
    {
        "country": "Benin",
        "north": 12.4183,
        "south": 6.22575,
        "west": 0.774575,
        "east": 3.8517
    },
    {
        "country": "Bermuda",
        "north": 32.3938,
        "south": 32.2466,
        "west": -64.896,
        "east": -64.652
    },
    {
        "country": "Bhutan",
        "north": 28.3238,
        "south": 26.7076,
        "west": 88.7597,
        "east": 92.1252
    },
    {
        "country": "Bolivia",
        "north": -9.68057,
        "south": -22.8961,
        "west": -69.6408,
        "east": -57.4581
    },
    {
        "country": "Bosnia and Herzegovina",
        "north": 45.2392,
        "south": 42.5461,
        "west": 15.7189,
        "east": 19.6222
    },
    {
        "country": "Botswana",
        "north": -17.7808,
        "south": -26.9072,
        "west": 19.9995,
        "east": 29.3608
    },
    {
        "country": "Bouvet Island",
        "north": -54.4003,
        "south": -54.4624,
        "west": 3.3355,
        "east": 3.48798
    },
    {
        "country": "Brazil",
        "north": 5.26488,
        "south": -33.7507,
        "west": -73.9855,
        "east": -32.393
    },
    {
        "country": "British Indian Ocean Territory",
        "north": -5.26833,
        "south": -7.43803,
        "west": 71.26,
        "east": 72.4932
    },
    {
        "country": "Brunei",
        "north": 5.04717,
        "south": 4.00308,
        "west": 114.071,
        "east": 115.359
    },
    {
        "country": "Bulgaria",
        "north": 44.2176,
        "south": 41.2421,
        "west": 22.3712,
        "east": 28.6122
    },
    {
        "country": "Burkina Faso",
        "north": 15.0826,
        "south": 9.40111,
        "west": -5.51892,
        "east": 2.4054
    },
    {
        "country": "Burundi",
        "north": -2.31012,
        "south": -4.46571,
        "west": 28.9931,
        "east": 30.8477
    },
    {
        "country": "Cambodia",
        "north": 14.6864,
        "south": 10.4091,
        "west": 102.34,
        "east": 107.628
    },
    {
        "country": "Cameroon",
        "north": 13.0781,
        "south": 1.65255,
        "west": 8.49476,
        "east": 16.1921
    },
    {
        "country": "Canada",
        "north": 83.1106,
        "south": 41.676,
        "west": -141,
        "east": -52.6363
    },
    {
        "country": "Cape Verde",
        "north": 17.1972,
        "south": 14.808,
        "west": -25.3587,
        "east": -22.6694
    },
    {
        "country": "Cayman Islands",
        "north": 19.7617,
        "south": 19.263,
        "west": -81.4328,
        "east": -79.7273
    },
    {
        "country": "Central African Republic",
        "north": 11.0076,
        "south": 2.22051,
        "west": 14.4201,
        "east": 27.4634
    },
    {
        "country": "Chad",
        "north": 23.4504,
        "south": 7.44107,
        "west": 13.4735,
        "east": 24.0027
    },
    {
        "country": "Chile",
        "north": -17.5076,
        "south": -55.9256,
        "west": -80.7859,
        "east": -66.4176
    },
    {
        "country": "China",
        "north": 53.5609,
        "south": 15.7754,
        "west": 73.5577,
        "east": 134.774
    },
    {
        "country": "Christmas Island",
        "north": -10.4124,
        "south": -10.5705,
        "west": 105.533,
        "east": 105.713
    },
    {
        "country": "Cocos (Keeling) Islands",
        "north": null,
        "south": null,
        "west": null,
        "east": null
    },
    {
        "country": "Colombia",
        "north": 13.3805,
        "south": -4.22587,
        "west": -81.7281,
        "east": -66.8698
    },
    {
        "country": "Comoros",
        "north": -11.3624,
        "south": -12.3879,
        "west": 43.2158,
        "east": 44.5382
    },
    {
        "country": "Congo",
        "north": null,
        "south": null,
        "west": null,
        "east": null
    },
    {
        "country": "Cook Islands",
        "north": -10.0231,
        "south": -21.9442,
        "west": -161.094,
        "east": -157.312
    },
    {
        "country": "Costa Rica",
        "north": 11.2168,
        "south": 8.03298,
        "west": -85.9506,
        "east": -82.556
    },
    {
        "country": "Croatia",
        "north": 46.5387,
        "south": 42.4359,
        "west": 13.4932,
        "east": 19.4274
    },
    {
        "country": "Cuba",
        "north": 23.226,
        "south": 19.8281,
        "west": -84.9574,
        "east": -74.1318
    },
    {
        "country": "Cyprus",
        "north": 35.7015,
        "south": 34.6333,
        "west": 32.2731,
        "east": 34.5979
    },
    {
        "country": "Czech Republic",
        "north": 51.0589,
        "south": 48.5429,
        "west": 12.0962,
        "east": 18.8601
    },
    {
        "country": "Denmark",
        "north": 57.7484,
        "south": 54.5624,
        "west": 8.07561,
        "east": 15.1588
    },
    {
        "country": "Djibouti",
        "north": 12.7068,
        "south": 10.9099,
        "west": 41.7735,
        "east": 43.417
    },
    {
        "country": "Dominica",
        "north": 15.6318,
        "south": 15.2017,
        "west": -61.4841,
        "east": -61.2442
    },
    {
        "country": "Dominican Republic",
        "north": 19.9299,
        "south": 17.5432,
        "west": -72.0035,
        "east": -68.32
    },
    {
        "country": "East Timor",
        "north": -8.13583,
        "south": -9.46363,
        "west": 124.046,
        "east": 127.309
    },
    {
        "country": "Ecuador",
        "north": 1.43902,
        "south": -4.99882,
        "west": -81.0786,
        "east": -75.1846
    },
    {
        "country": "Egypt",
        "north": 31.6673,
        "south": 21.7254,
        "west": 24.6981,
        "east": 36.8983
    },
    {
        "country": "El Salvador",
        "north": 14.4451,
        "south": 13.1487,
        "west": -90.1287,
        "east": -87.6922
    },
    {
        "country": "England",
        "north": null,
        "south": null,
        "west": null,
        "east": null
    },
    {
        "country": "Equatorial Guinea",
        "north": 2.34699,
        "south": 0.92086,
        "west": 9.34686,
        "east": 11.3357
    },
    {
        "country": "Eritrea",
        "north": 18.0031,
        "south": 12.3596,
        "west": 36.4388,
        "east": 43.1346
    },
    {
        "country": "Estonia",
        "north": 59.6762,
        "south": 57.5162,
        "west": 21.8376,
        "east": 28.21
    },
    {
        "country": "Ethiopia",
        "north": 14.8938,
        "south": 3.40242,
        "west": 32.9999,
        "east": 47.9862
    },
    {
        "country": "Falkland Islands",
        "north": -51.2407,
        "south": -52.3605,
        "west": -61.3452,
        "east": -57.7125
    },
    {
        "country": "Faroe Islands",
        "north": 62.4007,
        "south": 61.3949,
        "west": -7.458,
        "east": -6.39958
    },
    {
        "country": "Fiji Islands",
        "north": null,
        "south": null,
        "west": null,
        "east": null
    },
    {
        "country": "Finland",
        "north": 70.0961,
        "south": 59.8088,
        "west": 20.5569,
        "east": 31.5809
    },
    {
        "country": "France",
        "north": 51.0928,
        "south": 41.3716,
        "west": -5.14222,
        "east": 9.56156
    },
    {
        "country": "French Guiana",
        "north": 5.7765,
        "south": 2.12709,
        "west": -54.5425,
        "east": -51.6139
    },
    {
        "country": "French Polynesia",
        "north": -7.90357,
        "south": -27.6536,
        "west": -152.877,
        "east": -134.93
    },
    {
        "country": "French Southern territories",
        "north": -37.7907,
        "south": -49.7352,
        "west": 50.1703,
        "east": 77.5988
    },
    {
        "country": "Gabon",
        "north": 2.32261,
        "south": -3.97881,
        "west": 8.69547,
        "east": 14.5023
    },
    {
        "country": "Gambia",
        "north": 13.8266,
        "south": 13.0643,
        "west": -16.8251,
        "east": -13.7978
    },
    {
        "country": "Georgia",
        "north": 43.5865,
        "south": 41.0532,
        "west": 40.0101,
        "east": 46.726
    },
    {
        "country": "Germany",
        "north": 55.0556,
        "south": 47.2758,
        "west": 5.86564,
        "east": 15.0399
    },
    {
        "country": "Ghana",
        "north": 11.1733,
        "south": 4.73672,
        "west": -3.25542,
        "east": 1.19178
    },
    {
        "country": "Gibraltar",
        "north": 36.1554,
        "south": 36.109,
        "west": -5.36626,
        "east": -5.33828
    },
    {
        "country": "Greece",
        "north": 41.7485,
        "south": 34.8021,
        "west": 19.3736,
        "east": 28.2471
    },
    {
        "country": "Greenland",
        "north": 83.6274,
        "south": 59.7774,
        "west": -73.042,
        "east": -11.3123
    },
    {
        "country": "Grenada",
        "north": 12.3183,
        "south": 11.9869,
        "west": -61.8023,
        "east": -61.5768
    },
    {
        "country": "Guadeloupe",
        "north": 16.5168,
        "south": 15.8676,
        "west": -61.5448,
        "east": -61
    },
    {
        "country": "Guam",
        "north": 13.6544,
        "south": 13.2338,
        "west": 144.618,
        "east": 144.957
    },
    {
        "country": "Guatemala",
        "north": 17.8152,
        "south": 13.7373,
        "west": -92.2363,
        "east": -88.2232
    },
    {
        "country": "Guinea",
        "north": 12.6762,
        "south": 7.19355,
        "west": -14.9266,
        "east": -7.64107
    },
    {
        "country": "Guinea-Bissau",
        "north": 12.6808,
        "south": 10.9243,
        "west": -16.7175,
        "east": -13.6365
    },
    {
        "country": "Guyana",
        "north": 8.55757,
        "south": 1.17508,
        "west": -61.3848,
        "east": -56.4803
    },
    {
        "country": "Haiti",
        "north": 20.0878,
        "south": 18.021,
        "west": -74.4786,
        "east": -71.6134
    },
    {
        "country": "Heard Island and McDonald Islands",
        "north": -52.9094,
        "south": -53.192,
        "west": 72.5965,
        "east": 73.8591
    },
    {
        "country": "Holy See (Vatican City State)",
        "north": null,
        "south": null,
        "west": null,
        "east": null
    },
    {
        "country": "Honduras",
        "north": 16.5103,
        "south": 12.9824,
        "west": -89.3508,
        "east": -83.1554
    },
    {
        "country": "Hong Kong",
        "north": 22.5598,
        "south": 22.1532,
        "west": 113.838,
        "east": 114.435
    },
    {
        "country": "Hungary",
        "north": 48.5857,
        "south": 45.7436,
        "west": 16.1119,
        "east": 22.906
    },
    {
        "country": "Iceland",
        "north": 66.5346,
        "south": 63.3933,
        "west": -24.5465,
        "east": -13.4958
    },
    {
        "country": "India",
        "north": 35.5042,
        "south": 6.74714,
        "west": 68.1867,
        "east": 97.4033
    },
    {
        "country": "Indonesia",
        "north": 5.90442,
        "south": -10.9419,
        "west": 95.0093,
        "east": 141.022
    },
    {
        "country": "Iran",
        "north": 39.7772,
        "south": 25.0641,
        "west": 44.0473,
        "east": 63.3175
    },
    {
        "country": "Iraq",
        "north": 37.378,
        "south": 29.0694,
        "west": 38.7959,
        "east": 48.5759
    },
    {
        "country": "Ireland",
        "north": 55.3879,
        "south": 51.4516,
        "west": -10.4786,
        "east": -6.00239
    },
    {
        "country": "Israel",
        "north": 33.3401,
        "south": 29.4966,
        "west": 34.2703,
        "east": 35.8768
    },
    {
        "country": "Italy",
        "north": 47.0952,
        "south": 36.6528,
        "west": 6.61489,
        "east": 18.5134
    },
    {
        "country": "Ivory Coast",
        "north": 10.7366,
        "south": 4.35707,
        "west": -8.5993,
        "east": -2.4949
    },
    {
        "country": "Jamaica",
        "north": 18.527,
        "south": 17.7036,
        "west": -78.3666,
        "east": -76.1803
    },
    {
        "country": "Japan",
        "north": 45.5231,
        "south": 24.2495,
        "west": 122.939,
        "east": 145.821
    },
    {
        "country": "Jordan",
        "north": 33.3677,
        "south": 29.1859,
        "west": 34.96,
        "east": 39.3012
    },
    {
        "country": "Kazakhstan",
        "north": null,
        "south": null,
        "west": null,
        "east": null
    },
    {
        "country": "Kenya",
        "north": 5.01994,
        "south": -4.67805,
        "west": 33.9089,
        "east": 41.8991
    },
    {
        "country": "Kiribati",
        "north": 4.71957,
        "south": -11.4469,
        "west": 169.556,
        "east": -150.215
    },
    {
        "country": "Kuwait",
        "north": 30.0959,
        "south": 28.5246,
        "west": 46.5556,
        "east": 48.4315
    },
    {
        "country": "Kyrgyzstan",
        "north": 43.2382,
        "south": 39.1728,
        "west": 69.2766,
        "east": 80.2832
    },
    {
        "country": "Laos",
        "north": 22.5004,
        "south": 13.91,
        "west": 100.093,
        "east": 107.697
    },
    {
        "country": "Latvia",
        "north": 58.0823,
        "south": 55.6689,
        "west": 20.9743,
        "east": 28.2412
    },
    {
        "country": "Lebanon",
        "north": 34.6914,
        "south": 33.0539,
        "west": 35.1143,
        "east": 36.6392
    },
    {
        "country": "Lesotho",
        "north": -28.5721,
        "south": -30.669,
        "west": 27.0291,
        "east": 29.4658
    },
    {
        "country": "Liberia",
        "north": 8.55179,
        "south": 4.35306,
        "west": -11.4921,
        "east": -7.36511
    },
    {
        "country": "Libyan Arab Jamahiriya",
        "north": null,
        "south": null,
        "west": null,
        "east": null
    },
    {
        "country": "Liechtenstein",
        "north": 47.2706,
        "south": 47.0484,
        "west": 9.47167,
        "east": 9.63564
    },
    {
        "country": "Lithuania",
        "north": 56.4469,
        "south": 53.9013,
        "west": 20.9415,
        "east": 26.8719
    },
    {
        "country": "Luxembourg",
        "north": 50.1849,
        "south": 49.4466,
        "west": 5.73456,
        "east": 6.52847
    },
    {
        "country": "Macao",
        "north": 22.2223,
        "south": 22.1804,
        "west": 113.529,
        "east": 113.566
    },
    {
        "country": "North Macedonia",
        "north": 42.3618,
        "south": 40.8602,
        "west": 20.4647,
        "east": 23.0381
    },
    {
        "country": "Madagascar",
        "north": -11.9454,
        "south": -25.609,
        "west": 43.2249,
        "east": 50.4838
    },
    {
        "country": "Malawi",
        "north": -9.36754,
        "south": -17.125,
        "west": 32.674,
        "east": 35.9168
    },
    {
        "country": "Malaysia",
        "north": 7.36342,
        "south": 0.855222,
        "west": 99.6434,
        "east": 119.268
    },
    {
        "country": "Maldives",
        "north": 7.09159,
        "south": -0.692694,
        "west": 72.6932,
        "east": 73.6373
    },
    {
        "country": "Mali",
        "north": 25,
        "south": 10.1595,
        "west": -12.2426,
        "east": 4.24497
    },
    {
        "country": "Malta",
        "north": 36.0822,
        "south": 35.8062,
        "west": 14.1834,
        "east": 14.5765
    },
    {
        "country": "Marshall Islands",
        "north": 14.62,
        "south": 5.58764,
        "west": 165.525,
        "east": 171.932
    },
    {
        "country": "Martinique",
        "north": 14.8788,
        "south": 14.3923,
        "west": -61.2301,
        "east": -60.8155
    },
    {
        "country": "Mauritania",
        "north": 27.2981,
        "south": 14.7155,
        "west": -17.0665,
        "east": -4.82767
    },
    {
        "country": "Mauritius",
        "north": -10.3193,
        "south": -20.5257,
        "west": 56.5127,
        "east": 63.5002
    },
    {
        "country": "Mayotte",
        "north": -12.6489,
        "south": -13.0001,
        "west": 45.038,
        "east": 45.2929
    },
    {
        "country": "Mexico",
        "north": 32.7168,
        "south": 14.5329,
        "west": -118.454,
        "east": -86.7034
    },
    {
        "country": "Micronesia, Federated States of",
        "north": null,
        "south": null,
        "west": null,
        "east": null
    },
    {
        "country": "Moldova",
        "north": 48.4902,
        "south": 45.4689,
        "west": 26.6189,
        "east": 30.1354
    },
    {
        "country": "Monaco",
        "north": 43.752,
        "south": 43.7247,
        "west": 7.40896,
        "east": 7.43994
    },
    {
        "country": "Mongolia",
        "north": 52.1543,
        "south": 41.5676,
        "west": 87.7497,
        "east": 119.924
    },
      {
        "country": "Montenegro",
        "north": "42.7087",
        "south": "-42.7087",
        "west": "-19.3744",
        "east": "19.3744"
    },
    {
        "country": "Montserrat",
        "north": 16.8241,
        "south": 16.6748,
        "west": -62.2414,
        "east": -62.1441
    },
    {
        "country": "Morocco",
        "north": 35.9225,
        "south": 27.6621,
        "west": -13.1686,
        "east": -0.99175
    },
    {
        "country": "Mozambique",
        "north": -10.4719,
        "south": -26.8687,
        "west": 30.2173,
        "east": 40.843
    },
    {
        "country": "Myanmar",
        "north": null,
        "south": null,
        "west": null,
        "east": null
    },
    {
        "country": "Namibia",
        "north": -16.9599,
        "south": -28.9714,
        "west": 11.7156,
        "east": 25.2567
    },
    {
        "country": "Nauru",
        "north": -0.504306,
        "south": -0.552333,
        "west": 166.899,
        "east": 166.945
    },
    {
        "country": "Nepal",
        "north": 30.4334,
        "south": 26.3567,
        "west": 80.0563,
        "east": 88.1993
    },
    {
        "country": "Netherlands",
        "north": 53.5122,
        "south": 50.7539,
        "west": 3.36256,
        "east": 7.22794
    },
    {
        "country": "Netherlands Antilles",
        "north": null,
        "south": null,
        "west": null,
        "east": null
    },
    {
        "country": "New Caledonia",
        "north": -19.5498,
        "south": -22.698,
        "west": 163.565,
        "east": 168.129
    },
    {
        "country": "New Zealand",
        "north": -34.3897,
        "south": -47.286,
        "west": 166.715,
        "east": -180
    },
    {
        "country": "Nicaragua",
        "north": 15.0259,
        "south": 10.7075,
        "west": -87.6903,
        "east": -82.7383
    },
    {
        "country": "Niger",
        "north": 23.525,
        "south": 11.697,
        "west": 0.16625,
        "east": 15.9956
    },
    {
        "country": "Nigeria",
        "north": 13.892,
        "south": 4.27714,
        "west": 2.66843,
        "east": 14.6801
    },
    {
        "country": "Niue",
        "north": -18.9511,
        "south": -19.1522,
        "west": -169.951,
        "east": -169.775
    },
    {
        "country": "Norfolk Island",
        "north": -28.9952,
        "south": -29.0631,
        "west": 167.915,
        "east": 167.998
    },
    {
        "country": "North Korea",
        "north": 43.0061,
        "south": 37.6733,
        "west": 124.316,
        "east": 130.675
    },
    {
        "country": "Northern Ireland",
        "north": null,
        "south": null,
        "west": null,
        "east": null
    },
    {
        "country": "Northern Mariana Islands",
        "north": 20.5534,
        "south": 14.1102,
        "west": 144.886,
        "east": 146.065
    },
    {
        "country": "Norway",
        "north": 71.1881,
        "south": 57.9779,
        "west": 4.65017,
        "east": 31.0781
    },
    {
        "country": "Oman",
        "north": 26.388,
        "south": 16.6458,
        "west": 51.882,
        "east": 59.8366
    },
    {
        "country": "Pakistan",
        "north": 37.097,
        "south": 23.7867,
        "west": 60.8786,
        "east": 77.8409
    },
    {
        "country": "Palau",
        "north": 8.46966,
        "south": 2.8036,
        "west": 131.118,
        "east": 134.723
    },
    {
        "country": "Palestine",
        "north": 32.5464,
        "south": 31.2165,
        "west": 34.2167,
        "east": 35.5733
    },
    {
        "country": "Panama",
        "north": 9.63751,
        "south": 7.19791,
        "west": -83.0514,
        "east": -77.1741
    },
    {
        "country": "Papua New Guinea",
        "north": -1.31864,
        "south": -11.6579,
        "west": 140.843,
        "east": 155.963
    },
    {
        "country": "Paraguay",
        "north": -19.294,
        "south": -27.6087,
        "west": -62.6471,
        "east": -54.2594
    },
    {
        "country": "Peru",
        "north": -0.012977,
        "south": -18.3497,
        "west": -81.3267,
        "east": -68.678
    },
    {
        "country": "Philippines",
        "north": 21.1206,
        "south": 4.64331,
        "west": 116.932,
        "east": 126.602
    },
    {
        "country": "Pitcairn",
        "north": null,
        "south": null,
        "west": null,
        "east": null
    },
    {
        "country": "Poland",
        "north": 54.8391,
        "south": 49.0064,
        "west": 14.123,
        "east": 24.1507
    },
    {
        "country": "Portugal",
        "north": 42.1543,
        "south": 36.9613,
        "west": -9.50053,
        "east": -6.18916
    },
    {
        "country": "Puerto Rico",
        "north": 18.5202,
        "south": 17.9264,
        "west": -67.9427,
        "east": -65.2427
    },
    {
        "country": "Qatar",
        "north": 26.1547,
        "south": 24.4829,
        "west": 50.7572,
        "east": 51.6366
    },
    {
        "country": "Reunion",
        "north": -20.8684,
        "south": -21.3837,
        "west": 55.2122,
        "east": 55.8382
    },
    {
        "country": "Romania",
        "north": 48.2669,
        "south": 43.6273,
        "west": 20.27,
        "east": 29.6911
    },
    {
        "country": "Russian Federation",
        "north": null,
        "south": null,
        "west": null,
        "east": null
    },
    {
        "country": "Rwanda",
        "north": -1.05348,
        "south": -2.84068,
        "west": 28.8568,
        "east": 30.896
    },
    {
        "country": "Saint Helena",
        "north": -7.88781,
        "south": -16.0195,
        "west": -14.4212,
        "east": -5.63875
    },
    {
        "country": "Saint Kitts and Nevis",
        "north": 17.4201,
        "south": 17.0953,
        "west": -62.8696,
        "east": -62.5433
    },
    {
        "country": "Saint Lucia",
        "north": 14.1032,
        "south": 13.7048,
        "west": -61.0742,
        "east": -60.8742
    },
    {
        "country": "Saint Pierre and Miquelon",
        "north": 47.1463,
        "south": 46.786,
        "west": -56.4207,
        "east": -56.253
    },
    {
        "country": "Saint Vincent and the Grenadines",
        "north": 13.3778,
        "south": 12.584,
        "west": -61.4609,
        "east": -61.1139
    },
    {
        "country": "Samoa",
        "north": -13.4322,
        "south": -14.0409,
        "west": -172.799,
        "east": -171.416
    },
    {
        "country": "San Marino",
        "north": 43.9922,
        "south": 43.8937,
        "west": 12.4035,
        "east": 12.5165
    },
    {
        "country": "Sao Tome and Principe",
        "north": 1.70132,
        "south": 0.024766,
        "west": 6.47017,
        "east": 7.46637
    },
    {
        "country": "Saudi Arabia",
        "north": 32.1583,
        "south": 15.6143,
        "west": 34.4957,
        "east": 55.6666
    },
    {
        "country": "Scotland",
        "north": null,
        "south": null,
        "west": null,
        "east": null
    },
    {
        "country": "Senegal",
        "north": 16.6916,
        "south": 12.3073,
        "west": -17.5352,
        "east": -11.3559
    },
    {
        "country": "Serbia",
        "north": 44.01,
        "south": null,
        "west": null,
        "east": 21.0059
    },
    {
        "country": "Seychelles",
        "north": -4.28372,
        "south": -9.75387,
        "west": 46.2048,
        "east": 56.2977
    },
    {
        "country": "Sierra Leone",
        "north": 10,
        "south": 6.92961,
        "west": -13.3076,
        "east": -10.2842
    },
    {
        "country": "Singapore",
        "north": 1.47128,
        "south": 1.25856,
        "west": 103.638,
        "east": 104.007
    },
    {
        "country": "Slovakia",
        "north": 49.6032,
        "south": 47.7281,
        "west": 16.8477,
        "east": 22.5704
    },
    {
        "country": "Slovenia",
        "north": 46.8766,
        "south": 45.4218,
        "west": 13.3753,
        "east": 16.6106
    },
    {
        "country": "Solomon Islands",
        "north": -6.58961,
        "south": -11.8506,
        "west": 155.509,
        "east": 166.981
    },
    {
        "country": "Somalia",
        "north": 11.9792,
        "south": -1.67487,
        "west": 40.9866,
        "east": 51.4126
    },
    {
        "country": "South Africa",
        "north": -22.1266,
        "south": -34.8398,
        "west": 16.458,
        "east": 32.896
    },
    {
        "country": "South Georgia and the South Sandwich Islands",
        "north": -53.9705,
        "south": -59.4793,
        "west": -38.0212,
        "east": -26.2293
    },
    {
        "country": "South Korea",
        "north": 38.6124,
        "south": 33.1909,
        "west": 125.887,
        "east": 129.585
    },
    {
        "country": "South Sudan",
        "north": 12.2191,
        "south": 3.49339,
        "west": 24.1403,
        "east": 35.9406
    },
    {
        "country": "Spain",
        "north": 43.7914,
        "south": 36.0001,
        "west": -9.30152,
        "east": 4.32778
    },
    {
        "country": "Sri Lanka",
        "north": null,
        "south": null,
        "west": null,
        "east": null
    },
    {
        "country": "Sudan",
        "north": 22.2322,
        "south": 8.68472,
        "west": 21.8278,
        "east": 38.6075
    },
    {
        "country": "Suriname",
        "north": 6.00455,
        "south": 1.83115,
        "west": -58.0866,
        "east": -53.9775
    },
    {
        "country": "Svalbard and Jan Mayen",
        "north": 80.7621,
        "south": 79.2203,
        "west": 17.6994,
        "east": 33.2873
    },
    {
        "country": "Swaziland",
        "north": -25.7196,
        "south": -27.3171,
        "west": 30.7941,
        "east": 32.1373
    },
    {
        "country": "Sweden",
        "north": 69.0625,
        "south": 55.3371,
        "west": 11.1187,
        "east": 24.1563
    },
    {
        "country": "Switzerland",
        "north": 47.8053,
        "south": 45.8257,
        "west": 5.95747,
        "east": 10.4915
    },
    {
        "country": "Syria",
        "north": 37.3191,
        "south": 32.3107,
        "west": 35.7272,
        "east": 42.385
    },
    {
        "country": "Tajikistan",
        "north": 41.0423,
        "south": 36.6741,
        "west": 67.3871,
        "east": 75.1372
    },
    {
        "country": "Tanzania",
        "north": -0.990736,
        "south": -11.7457,
        "west": 29.3272,
        "east": 40.4432
    },
    {
        "country": "Thailand",
        "north": 20.4632,
        "south": 5.61,
        "west": 97.3456,
        "east": 105.639
    },
    {
        "country": "The Democratic Republic of Congo",
        "north": null,
        "south": null,
        "west": null,
        "east": null
    },
    {
        "country": "Togo",
        "north": 11.139,
        "south": 6.10442,
        "west": -0.147324,
        "east": 1.80669
    },
    {
        "country": "Tokelau",
        "north": -8.55361,
        "south": -9.38111,
        "west": -172.5,
        "east": -171.211
    },
    {
        "country": "Tonga",
        "north": -15.563,
        "south": -21.4551,
        "west": -175.682,
        "east": -173.908
    },
    {
        "country": "Trinidad and Tobago",
        "north": 11.3383,
        "south": 10.0361,
        "west": -61.9238,
        "east": -60.5179
    },
    {
        "country": "Tunisia",
        "north": 37.5439,
        "south": 30.2404,
        "west": 7.52483,
        "east": 11.5983
    },
    {
        "country": "Turkey",
        "north": 42.1076,
        "south": 35.8154,
        "west": 25.6685,
        "east": 44.835
    },
    {
        "country": "Turkmenistan",
        "north": 42.7956,
        "south": 35.1411,
        "west": 52.4414,
        "east": 66.6843
    },
    {
        "country": "Turks and Caicos Islands",
        "north": 21.9619,
        "south": 21.4226,
        "west": -72.4839,
        "east": -71.1236
    },
    {
        "country": "Tuvalu",
        "north": -5.64197,
        "south": -10.8012,
        "west": 176.065,
        "east": 179.863
    },
    {
        "country": "Uganda",
        "north": 4.21443,
        "south": -1.48405,
        "west": 29.5733,
        "east": 35.036
    },
    {
        "country": "Ukraine",
        "north": 52.3694,
        "south": 44.3904,
        "west": 22.1289,
        "east": 40.2074
    },
    {
        "country": "United Arab Emirates",
        "north": 26.0842,
        "south": 22.6333,
        "west": 51.5833,
        "east": 56.3817
    },
    {
        "country": "United Kingdom",
        "north": 59.3602,
        "south": 49.9062,
        "west": -8.62356,
        "east": 1.759
    },
    {
        "country": "United States",
        "north": 49.3886,
        "south": 24.5442,
        "west": -124.733,
        "east": -66.9548
    },
    {
        "country": "United States Minor Outlying Islands",
        "north": null,
        "south": null,
        "west": null,
        "east": null
    },
    {
        "country": "Uruguay",
        "north": -30.0822,
        "south": -34.9808,
        "west": -58.4427,
        "east": -53.0739
    },
    {
        "country": "Uzbekistan",
        "north": 45.575,
        "south": 37.1844,
        "west": 55.9966,
        "east": 73.1323
    },
    {
        "country": "Vanuatu",
        "north": -13.0734,
        "south": -20.2489,
        "west": 166.525,
        "east": 169.905
    },
    {
        "country": "Venezuela",
        "north": 12.2019,
        "south": 0.626311,
        "west": -73.3541,
        "east": -59.8038
    },
    {
        "country": "Vietnam",
        "north": 23.3888,
        "south": 8.55961,
        "west": 102.148,
        "east": 109.465
    },
    {
        "country": "Virgin Islands, British",
        "north": null,
        "south": null,
        "west": null,
        "east": null
    },
    {
        "country": "Virgin Islands, U.S.",
        "north": null,
        "south": null,
        "west": null,
        "east": null
    },
    {
        "country": "Wales",
        "north": null,
        "south": null,
        "west": null,
        "east": null
    },
    {
        "country": "Wallis and Futuna",
        "north": -13.2168,
        "south": -14.3146,
        "west": -178.185,
        "east": -176.162
    },
    {
        "country": "Western Sahara",
        "north": 27.6697,
        "south": 20.7742,
        "west": -17.1032,
        "east": -8.67028
    },
    {
        "country": "Yemen",
        "north": 19,
        "south": 12.1111,
        "west": 42.5325,
        "east": 54.5305
    },
    {
        "country": "Zambia",
        "north": -8.22436,
        "south": -18.0795,
        "west": 21.9994,
        "east": 33.7057
    },
    {
        "country": "Zimbabwe",
        "north": -15.6088,
        "south": -22.4177,
        "west": 25.237,
        "east": 33.0563
    }
]
