[
    {
        "country": "Afghanistan",
        "expectancy": 45.9
    },
    {
        "country": "Albania",
        "expectancy": 71.6
    },
    {
        "country": "Algeria",
        "expectancy": 69.7
    },
    {
        "country": "American Samoa",
        "expectancy": 75.1
    },
    {
        "country": "Andorra",
        "expectancy": 83.5
    },
    {
        "country": "Angola",
        "expectancy": 38.3
    },
    {
        "country": "Anguilla",
        "expectancy": 76.1
    },
    {
        "country": "Antarctica",
        "expectancy": null
    },
    {
        "country": "Antigua and Barbuda",
        "expectancy": 70.5
    },
    {
        "country": "Argentina",
        "expectancy": 75.1
    },
    {
        "country": "Armenia",
        "expectancy": 66.4
    },
    {
        "country": "Aruba",
        "expectancy": 78.4
    },
    {
        "country": "Australia",
        "expectancy": 79.8
    },
    {
        "country": "Austria",
        "expectancy": 77.7
    },
    {
        "country": "Azerbaijan",
        "expectancy": 62.9
    },
    {
        "country": "Bahamas",
        "expectancy": 71.1
    },
    {
        "country": "Bahrain",
        "expectancy": 73
    },
    {
        "country": "Bangladesh",
        "expectancy": 60.2
    },
    {
        "country": "Barbados",
        "expectancy": 73
    },
    {
        "country": "Belarus",
        "expectancy": 68
    },
    {
        "country": "Belgium",
        "expectancy": 77.8
    },
    {
        "country": "Belize",
        "expectancy": 70.9
    },
    {
        "country": "Benin",
        "expectancy": 50.2
    },
    {
        "country": "Bermuda",
        "expectancy": 76.9
    },
    {
        "country": "Bhutan",
        "expectancy": 52.4
    },
    {
        "country": "Bolivia",
        "expectancy": 63.7
    },
    {
        "country": "Bosnia and Herzegovina",
        "expectancy": 71.5
    },
    {
        "country": "Botswana",
        "expectancy": 39.3
    },
    {
        "country": "Bouvet Island",
        "expectancy": null
    },
    {
        "country": "Brazil",
        "expectancy": 62.9
    },
    {
        "country": "British Indian Ocean Territory",
        "expectancy": null
    },
    {
        "country": "Brunei",
        "expectancy": 73.6
    },
    {
        "country": "Bulgaria",
        "expectancy": 70.9
    },
    {
        "country": "Burkina Faso",
        "expectancy": 46.7
    },
    {
        "country": "Burundi",
        "expectancy": 46.2
    },
    {
        "country": "Cambodia",
        "expectancy": 56.5
    },
    {
        "country": "Cameroon",
        "expectancy": 54.8
    },
    {
        "country": "Canada",
        "expectancy": 79.4
    },
    {
        "country": "Cape Verde",
        "expectancy": 68.9
    },
    {
        "country": "Cayman Islands",
        "expectancy": 78.9
    },
    {
        "country": "Central African Republic",
        "expectancy": 44
    },
    {
        "country": "Chad",
        "expectancy": 50.5
    },
    {
        "country": "Chile",
        "expectancy": 75.7
    },
    {
        "country": "China",
        "expectancy": 71.4
    },
    {
        "country": "Christmas Island",
        "expectancy": null
    },
    {
        "country": "Cocos (Keeling) Islands",
        "expectancy": null
    },
    {
        "country": "Colombia",
        "expectancy": 70.3
    },
    {
        "country": "Comoros",
        "expectancy": 60
    },
    {
        "country": "Congo",
        "expectancy": 47.4
    },
    {
        "country": "Cook Islands",
        "expectancy": 71.1
    },
    {
        "country": "Costa Rica",
        "expectancy": 75.8
    },
    {
        "country": "Croatia",
        "expectancy": 73.7
    },
    {
        "country": "Cuba",
        "expectancy": 76.2
    },
    {
        "country": "Cyprus",
        "expectancy": 76.7
    },
    {
        "country": "Czech Republic",
        "expectancy": 74.5
    },
    {
        "country": "Denmark",
        "expectancy": 76.5
    },
    {
        "country": "Djibouti",
        "expectancy": 50.8
    },
    {
        "country": "Dominica",
        "expectancy": 73.4
    },
    {
        "country": "Dominican Republic",
        "expectancy": 73.2
    },
    {
        "country": "East Timor",
        "expectancy": 46
    },
    {
        "country": "Ecuador",
        "expectancy": 71.1
    },
    {
        "country": "Egypt",
        "expectancy": 63.3
    },
    {
        "country": "El Salvador",
        "expectancy": 69.7
    },
    {
        "country": "England",
        "expectancy": null
    },
    {
        "country": "Equatorial Guinea",
        "expectancy": 53.6
    },
    {
        "country": "Eritrea",
        "expectancy": 55.8
    },
    {
        "country": "Estonia",
        "expectancy": 69.5
    },
    {
        "country": "Ethiopia",
        "expectancy": 45.2
    },
    {
        "country": "Falkland Islands",
        "expectancy": null
    },
    {
        "country": "Faroe Islands",
        "expectancy": 78.4
    },
    {
        "country": "Fiji Islands",
        "expectancy": 67.9
    },
    {
        "country": "Finland",
        "expectancy": 77.4
    },
    {
        "country": "France",
        "expectancy": 78.8
    },
    {
        "country": "French Guiana",
        "expectancy": 76.1
    },
    {
        "country": "French Polynesia",
        "expectancy": 74.8
    },
    {
        "country": "French Southern territories",
        "expectancy": null
    },
    {
        "country": "Gabon",
        "expectancy": 50.1
    },
    {
        "country": "Gambia",
        "expectancy": 53.2
    },
    {
        "country": "Georgia",
        "expectancy": 64.5
    },
    {
        "country": "Germany",
        "expectancy": 77.4
    },
    {
        "country": "Ghana",
        "expectancy": 57.4
    },
    {
        "country": "Gibraltar",
        "expectancy": 79
    },
    {
        "country": "Greece",
        "expectancy": 78.4
    },
    {
        "country": "Greenland",
        "expectancy": 68.1
    },
    {
        "country": "Grenada",
        "expectancy": 64.5
    },
    {
        "country": "Guadeloupe",
        "expectancy": 77
    },
    {
        "country": "Guam",
        "expectancy": 77.8
    },
    {
        "country": "Guatemala",
        "expectancy": 66.2
    },
    {
        "country": "Guinea",
        "expectancy": 45.6
    },
    {
        "country": "Guinea-Bissau",
        "expectancy": 49
    },
    {
        "country": "Guyana",
        "expectancy": 64
    },
    {
        "country": "Haiti",
        "expectancy": 49.2
    },
    {
        "country": "Heard Island and McDonald Islands",
        "expectancy": null
    },
    {
        "country": "Holy See (Vatican City State)",
        "expectancy": null
    },
    {
        "country": "Honduras",
        "expectancy": 69.9
    },
    {
        "country": "Hong Kong",
        "expectancy": 79.5
    },
    {
        "country": "Hungary",
        "expectancy": 71.4
    },
    {
        "country": "Iceland",
        "expectancy": 79.4
    },
    {
        "country": "India",
        "expectancy": 62.5
    },
    {
        "country": "Indonesia",
        "expectancy": 70.1
    },
    {
        "country": "Iran",
        "expectancy": 69.7
    },
    {
        "country": "Iraq",
        "expectancy": 66.5
    },
    {
        "country": "Ireland",
        "expectancy": 76.8
    },
    {
        "country": "Israel",
        "expectancy": 78.6
    },
    {
        "country": "Italy",
        "expectancy": 79
    },
    {
        "country": "Ivory Coast",
        "expectancy": 45.2
    },
    {
        "country": "Jamaica",
        "expectancy": 75.2
    },
    {
        "country": "Japan",
        "expectancy": 80.7
    },
    {
        "country": "Jordan",
        "expectancy": 77.4
    },
    {
        "country": "Kazakhstan",
        "expectancy": 63.2
    },
    {
        "country": "Kenya",
        "expectancy": 48
    },
    {
        "country": "Kiribati",
        "expectancy": 59.8
    },
    {
        "country": "Kuwait",
        "expectancy": 76.1
    },
    {
        "country": "Kyrgyzstan",
        "expectancy": 63.4
    },
    {
        "country": "Laos",
        "expectancy": 53.1
    },
    {
        "country": "Latvia",
        "expectancy": 68.4
    },
    {
        "country": "Lebanon",
        "expectancy": 71.3
    },
    {
        "country": "Lesotho",
        "expectancy": 50.8
    },
    {
        "country": "Liberia",
        "expectancy": 51
    },
    {
        "country": "Libyan Arab Jamahiriya",
        "expectancy": 75.5
    },
    {
        "country": "Liechtenstein",
        "expectancy": 78.8
    },
    {
        "country": "Lithuania",
        "expectancy": 69.1
    },
    {
        "country": "Luxembourg",
        "expectancy": 77.1
    },
    {
        "country": "Macao",
        "expectancy": 81.6
    },
    {
        "country": "North Macedonia",
        "expectancy": 73.8
    },
    {
        "country": "Madagascar",
        "expectancy": 55
    },
    {
        "country": "Malawi",
        "expectancy": 37.6
    },
    {
        "country": "Malaysia",
        "expectancy": 70.8
    },
    {
        "country": "Maldives",
        "expectancy": 62.2
    },
    {
        "country": "Mali",
        "expectancy": 46.7
    },
    {
        "country": "Malta",
        "expectancy": 77.9
    },
    {
        "country": "Marshall Islands",
        "expectancy": 65.5
    },
    {
        "country": "Martinique",
        "expectancy": 78.3
    },
    {
        "country": "Mauritania",
        "expectancy": 50.8
    },
    {
        "country": "Mauritius",
        "expectancy": 71
    },
    {
        "country": "Mayotte",
        "expectancy": 59.5
    },
    {
        "country": "Mexico",
        "expectancy": 71.5
    },
    {
        "country": "Micronesia, Federated States of",
        "expectancy": null
    },
    {
        "country": "Moldova",
        "expectancy": 64.5
    },
    {
        "country": "Monaco",
        "expectancy": 78.8
    },
    {
        "country": "Mongolia",
        "expectancy": 67.3
    },
    {
        "country": "Montserrat",
        "expectancy": 78
    },
    {
        "country": "Morocco",
        "expectancy": 69.1
    },
    {
        "country": "Mozambique",
        "expectancy": 37.5
    },
    {
        "country": "Myanmar",
        "expectancy": 54.9
    },
    {
        "country": "Namibia",
        "expectancy": 42.5
    },
    {
        "country": "Nauru",
        "expectancy": 60.8
    },
    {
        "country": "Nepal",
        "expectancy": 57.8
    },
    {
        "country": "Netherlands",
        "expectancy": 78.3
    },
    {
        "country": "Netherlands Antilles",
        "expectancy": 74.7
    },
    {
        "country": "New Caledonia",
        "expectancy": 72.8
    },
    {
        "country": "New Zealand",
        "expectancy": 77.8
    },
    {
        "country": "Nicaragua",
        "expectancy": 68.7
    },
    {
        "country": "Niger",
        "expectancy": 41.3
    },
    {
        "country": "Nigeria",
        "expectancy": 51.6
    },
    {
        "country": "Niue",
        "expectancy": null
    },
    {
        "country": "Norfolk Island",
        "expectancy": null
    },
    {
        "country": "North Korea",
        "expectancy": 70.7
    },
    {
        "country": "Northern Ireland",
        "expectancy": null
    },
    {
        "country": "Northern Mariana Islands",
        "expectancy": 75.5
    },
    {
        "country": "Norway",
        "expectancy": 78.7
    },
    {
        "country": "Oman",
        "expectancy": 71.8
    },
    {
        "country": "Pakistan",
        "expectancy": 61.1
    },
    {
        "country": "Palau",
        "expectancy": 68.6
    },
    {
        "country": "Palestine",
        "expectancy": 71.4
    },
    {
        "country": "Panama",
        "expectancy": 75.5
    },
    {
        "country": "Papua New Guinea",
        "expectancy": 63.1
    },
    {
        "country": "Paraguay",
        "expectancy": 73.7
    },
    {
        "country": "Peru",
        "expectancy": 70
    },
    {
        "country": "Philippines",
        "expectancy": 67.5
    },
    {
        "country": "Pitcairn",
        "expectancy": null
    },
    {
        "country": "Poland",
        "expectancy": 73.2
    },
    {
        "country": "Portugal",
        "expectancy": 75.8
    },
    {
        "country": "Puerto Rico",
        "expectancy": 75.6
    },
    {
        "country": "Qatar",
        "expectancy": 72.4
    },
    {
        "country": "Reunion",
        "expectancy": 72.7
    },
    {
        "country": "Romania",
        "expectancy": 69.9
    },
    {
        "country": "Russian Federation",
        "expectancy": 67.2
    },
    {
        "country": "Rwanda",
        "expectancy": 39.3
    },
    {
        "country": "Saint Helena",
        "expectancy": 76.8
    },
    {
        "country": "Saint Kitts and Nevis",
        "expectancy": 70.7
    },
    {
        "country": "Saint Lucia",
        "expectancy": 72.3
    },
    {
        "country": "Saint Pierre and Miquelon",
        "expectancy": 77.6
    },
    {
        "country": "Saint Vincent and the Grenadines",
        "expectancy": 72.3
    },
    {
        "country": "Samoa",
        "expectancy": 69.2
    },
    {
        "country": "San Marino",
        "expectancy": 81.1
    },
    {
        "country": "Sao Tome and Principe",
        "expectancy": 65.3
    },
    {
        "country": "Saudi Arabia",
        "expectancy": 67.8
    },
    {
        "country": "Scotland",
        "expectancy": null
    },
    {
        "country": "Senegal",
        "expectancy": 62.2
    },
    {
        "country": "Serbia",
        "expectancy": 76.05
    },
    {
        "country": "Seychelles",
        "expectancy": 70.4
    },
    {
        "country": "Sierra Leone",
        "expectancy": 45.3
    },
    {
        "country": "Singapore",
        "expectancy": 80.1
    },
    {
        "country": "Slovakia",
        "expectancy": 73.7
    },
    {
        "country": "Slovenia",
        "expectancy": 74.9
    },
    {
        "country": "Solomon Islands",
        "expectancy": 71.3
    },
    {
        "country": "Somalia",
        "expectancy": 46.2
    },
    {
        "country": "South Africa",
        "expectancy": 51.1
    },
    {
        "country": "South Georgia and the South Sandwich Islands",
        "expectancy": null
    },
    {
        "country": "South Korea",
        "expectancy": 74.4
    },
    {
        "country": "South Sudan",
        "expectancy": null
    },
    {
        "country": "Spain",
        "expectancy": 78.8
    },
    {
        "country": "Sri Lanka",
        "expectancy": null
    },
    {
        "country": "Sudan",
        "expectancy": 56.6
    },
    {
        "country": "Suriname",
        "expectancy": 71.4
    },
    {
        "country": "Svalbard and Jan Mayen",
        "expectancy": null
    },
    {
        "country": "Swaziland",
        "expectancy": 40.4
    },
    {
        "country": "Sweden",
        "expectancy": 79.6
    },
    {
        "country": "Switzerland",
        "expectancy": 79.6
    },
    {
        "country": "Syria",
        "expectancy": 68.5
    },
    {
        "country": "Tajikistan",
        "expectancy": 64.1
    },
    {
        "country": "Tanzania",
        "expectancy": 52.3
    },
    {
        "country": "Thailand",
        "expectancy": 68.6
    },
    {
        "country": "The Democratic Republic of Congo",
        "expectancy": null
    },
    {
        "country": "Togo",
        "expectancy": 54.7
    },
    {
        "country": "Tokelau",
        "expectancy": null
    },
    {
        "country": "Tonga",
        "expectancy": 67.9
    },
    {
        "country": "Trinidad and Tobago",
        "expectancy": 68
    },
    {
        "country": "Tunisia",
        "expectancy": 73.7
    },
    {
        "country": "Turkey",
        "expectancy": 71
    },
    {
        "country": "Turkmenistan",
        "expectancy": 60.9
    },
    {
        "country": "Turks and Caicos Islands",
        "expectancy": 73.3
    },
    {
        "country": "Tuvalu",
        "expectancy": 66.3
    },
    {
        "country": "Uganda",
        "expectancy": 42.9
    },
    {
        "country": "Ukraine",
        "expectancy": 66
    },
    {
        "country": "United Arab Emirates",
        "expectancy": 74.1
    },
    {
        "country": "United Kingdom",
        "expectancy": 77.7
    },
    {
        "country": "United States",
        "expectancy": 77.1
    },
    {
        "country": "United States Minor Outlying Islands",
        "expectancy": null
    },
    {
        "country": "Uruguay",
        "expectancy": 75.2
    },
    {
        "country": "Uzbekistan",
        "expectancy": 63.7
    },
    {
        "country": "Vanuatu",
        "expectancy": 60.6
    },
    {
        "country": "Venezuela",
        "expectancy": 73.1
    },
    {
        "country": "Vietnam",
        "expectancy": 69.3
    },
    {
        "country": "Virgin Islands, British",
        "expectancy": null
    },
    {
        "country": "Virgin Islands, U.S.",
        "expectancy": null
    },
    {
        "country": "Wales",
        "expectancy": null
    },
    {
        "country": "Wallis and Futuna",
        "expectancy": null
    },
    {
        "country": "Western Sahara",
        "expectancy": 49.8
    },
    {
        "country": "Yemen",
        "expectancy": 59.8
    },
    {
        "country": "Zambia",
        "expectancy": 37.2
    },
    {
        "country": "Zimbabwe",
        "expectancy": 37.8
    }
]