[
    {
        "country": "Afghanistan",
        "costline": 0
    },
    {
        "country": "Albania",
        "costline": 362
    },
    {
        "country": "Algeria",
        "costline": 998
    },
    {
        "country": "American Samoa",
        "costline": 116
    },
    {
        "country": "Andorra",
        "costline": 0
    },
    {
        "country": "Angola",
        "costline": 1.6
    },
    {
        "country": "Anguilla",
        "costline": 61
    },
    {
        "country": "Antarctica",
        "costline": 17.968
    },
    {
        "country": "Antigua and Barbuda",
        "costline": 153
    },
    {
        "country": "Argentina",
        "costline": 4.989
    },
    {
        "country": "Armenia",
        "costline": 0
    },
    {
        "country": "Aruba",
        "costline": 68.5
    },
    {
        "country": "Australia",
        "costline": 25.76
    },
    {
        "country": "Austria",
        "costline": 0
    },
    {
        "country": "Azerbaijan",
        "costline": 0
    },
    {
        "country": "Bahamas",
        "costline": null
    },
    {
        "country": "Bahrain",
        "costline": 161
    },
    {
        "country": "Bangladesh",
        "costline": 580
    },
    {
        "country": "Barbados",
        "costline": 97
    },
    {
        "country": "Belarus",
        "costline": 0
    },
    {
        "country": "Belgium",
        "costline": 66.5
    },
    {
        "country": "Belize",
        "costline": 386
    },
    {
        "country": "Benin",
        "costline": 121
    },
    {
        "country": "Bermuda",
        "costline": 103
    },
    {
        "country": "Bhutan",
        "costline": 0
    },
    {
        "country": "Bolivia",
        "costline": 0
    },
    {
        "country": "Bosnia and Herzegovina",
        "costline": 20
    },
    {
        "country": "Botswana",
        "costline": 0
    },
    {
        "country": "Bouvet Island",
        "costline": 29.6
    },
    {
        "country": "Brazil",
        "costline": 7.491
    },
    {
        "country": "British Indian Ocean Territory",
        "costline": 698
    },
    {
        "country": "Brunei",
        "costline": 161
    },
    {
        "country": "Bulgaria",
        "costline": 354
    },
    {
        "country": "Burkina Faso",
        "costline": 0
    },
    {
        "country": "Burundi",
        "costline": 0
    },
    {
        "country": "Cambodia",
        "costline": 443
    },
    {
        "country": "Cameroon",
        "costline": 402
    },
    {
        "country": "Canada",
        "costline": 202.08
    },
    {
        "country": "Cape Verde",
        "costline": 965
    },
    {
        "country": "Cayman Islands",
        "costline": 160
    },
    {
        "country": "Central African Republic",
        "costline": 0
    },
    {
        "country": "Chad",
        "costline": 0
    },
    {
        "country": "Chile",
        "costline": 6.435
    },
    {
        "country": "China",
        "costline": 14.5
    },
    {
        "country": "Christmas Island",
        "costline": 138.9
    },
    {
        "country": "Cocos (Keeling) Islands",
        "costline": 26
    },
    {
        "country": "Colombia",
        "costline": 3.208
    },
    {
        "country": "Comoros",
        "costline": 340
    },
    {
        "country": "Congo",
        "costline": null
    },
    {
        "country": "Cook Islands",
        "costline": 120
    },
    {
        "country": "Costa Rica",
        "costline": 1.29
    },
    {
        "country": "Croatia",
        "costline": 6.268
    },
    {
        "country": "Cuba",
        "costline": 3.735
    },
    {
        "country": "Cyprus",
        "costline": 648
    },
    {
        "country": "Czech Republic",
        "costline": 0
    },
    {
        "country": "Denmark",
        "costline": 7.314
    },
    {
        "country": "Djibouti",
        "costline": 314
    },
    {
        "country": "Dominica",
        "costline": 148
    },
    {
        "country": "Dominican Republic",
        "costline": 1.288
    },
    {
        "country": "East Timor",
        "costline": null
    },
    {
        "country": "Ecuador",
        "costline": 2.237
    },
    {
        "country": "Egypt",
        "costline": 2.45
    },
    {
        "country": "El Salvador",
        "costline": 307
    },
    {
        "country": "England",
        "costline": null
    },
    {
        "country": "Equatorial Guinea",
        "costline": 296
    },
    {
        "country": "Eritrea",
        "costline": 2.234
    },
    {
        "country": "Estonia",
        "costline": 3.794
    },
    {
        "country": "Ethiopia",
        "costline": 0
    },
    {
        "country": "Falkland Islands",
        "costline": 1.288
    },
    {
        "country": "Faroe Islands",
        "costline": 1.117
    },
    {
        "country": "Fiji Islands",
        "costline": null
    },
    {
        "country": "Finland",
        "costline": 1.25
    },
    {
        "country": "France",
        "costline": null
    },
    {
        "country": "French Guiana",
        "costline": 763
    },
    {
        "country": "French Polynesia",
        "costline": 2.525
    },
    {
        "country": "French Southern territories",
        "costline": null
    },
    {
        "country": "Gabon",
        "costline": 885
    },
    {
        "country": "Gambia",
        "costline": 80
    },
    {
        "country": "Georgia",
        "costline": 310
    },
    {
        "country": "Germany",
        "costline": 2.389
    },
    {
        "country": "Ghana",
        "costline": 539
    },
    {
        "country": "Gibraltar",
        "costline": 12
    },
    {
        "country": "Greece",
        "costline": 13.676
    },
    {
        "country": "Greenland",
        "costline": 44.087
    },
    {
        "country": "Grenada",
        "costline": 121
    },
    {
        "country": "Guadeloupe",
        "costline": 581
    },
    {
        "country": "Guam",
        "costline": 125.5
    },
    {
        "country": "Guatemala",
        "costline": 400
    },
    {
        "country": "Guinea",
        "costline": 320
    },
    {
        "country": "Guinea-Bissau",
        "costline": 350
    },
    {
        "country": "Guyana",
        "costline": 459
    },
    {
        "country": "Haiti",
        "costline": 1.771
    },
    {
        "country": "Heard Island and McDonald Islands",
        "costline": 101.9
    },
    {
        "country": "Holy See (Vatican City State)",
        "costline": null
    },
    {
        "country": "Honduras",
        "costline": 832
    },
    {
        "country": "Hong Kong",
        "costline": 733
    },
    {
        "country": "Hungary",
        "costline": 0
    },
    {
        "country": "Iceland",
        "costline": 4.97
    },
    {
        "country": "India",
        "costline": 7
    },
    {
        "country": "Indonesia",
        "costline": 54.716
    },
    {
        "country": "Iran",
        "costline": 3.294
    },
    {
        "country": "Iraq",
        "costline": 58
    },
    {
        "country": "Ireland",
        "costline": 1.448
    },
    {
        "country": "Israel",
        "costline": 273
    },
    {
        "country": "Italy",
        "costline": 7.6
    },
    {
        "country": "Ivory Coast",
        "costline": 515
    },
    {
        "country": "Jamaica",
        "costline": 1.022
    },
    {
        "country": "Japan",
        "costline": 29.751
    },
    {
        "country": "Jordan",
        "costline": 26
    },
    {
        "country": "Kazakhstan",
        "costline": null
    },
    {
        "country": "Kenya",
        "costline": 536
    },
    {
        "country": "Kiribati",
        "costline": 1.143
    },
    {
        "country": "Kuwait",
        "costline": 499
    },
    {
        "country": "Kyrgyzstan",
        "costline": 0
    },
    {
        "country": "Laos",
        "costline": 0
    },
    {
        "country": "Latvia",
        "costline": 498
    },
    {
        "country": "Lebanon",
        "costline": 225
    },
    {
        "country": "Lesotho",
        "costline": 0
    },
    {
        "country": "Liberia",
        "costline": 579
    },
    {
        "country": "Libyan Arab Jamahiriya",
        "costline": null
    },
    {
        "country": "Liechtenstein",
        "costline": 0
    },
    {
        "country": "Lithuania",
        "costline": 90
    },
    {
        "country": "Luxembourg",
        "costline": 0
    },
    {
        "country": "Macao",
        "costline": null
    },
    {
        "country": "North Macedonia",
        "costline": null
    },
    {
        "country": "Madagascar",
        "costline": 4.828
    },
    {
        "country": "Malawi",
        "costline": 0
    },
    {
        "country": "Malaysia",
        "costline": 4.675
    },
    {
        "country": "Maldives",
        "costline": 644
    },
    {
        "country": "Mali",
        "costline": 0
    },
    {
        "country": "Malta",
        "costline": 252.81
    },
    {
        "country": "Marshall Islands",
        "costline": 370.4
    },
    {
        "country": "Martinique",
        "costline": 369
    },
    {
        "country": "Mauritania",
        "costline": 754
    },
    {
        "country": "Mauritius",
        "costline": 177
    },
    {
        "country": "Mayotte",
        "costline": null
    },
    {
        "country": "Mexico",
        "costline": 9.33
    },
    {
        "country": "Micronesia, Federated States of",
        "costline": 6.112
    },
    {
        "country": "Moldova",
        "costline": 0
    },
    {
        "country": "Monaco",
        "costline": 4.1
    },
    {
        "country": "Mongolia",
        "costline": 0
    },
    {
        "country": "Montserrat",
        "costline": 40
    },
    {
        "country": "Morocco",
        "costline": 1.835
    },
    {
        "country": "Mozambique",
        "costline": 2.47
    },
    {
        "country": "Myanmar",
        "costline": null
    },
    {
        "country": "Namibia",
        "costline": 1.572
    },
    {
        "country": "Nauru",
        "costline": 30
    },
    {
        "country": "Nepal",
        "costline": 0
    },
    {
        "country": "Netherlands",
        "costline": 451
    },
    {
        "country": "Netherlands Antilles",
        "costline": 361
    },
    {
        "country": "New Caledonia",
        "costline": 2.254
    },
    {
        "country": "New Zealand",
        "costline": 15.134
    },
    {
        "country": "Nicaragua",
        "costline": 910
    },
    {
        "country": "Niger",
        "costline": 0
    },
    {
        "country": "Nigeria",
        "costline": 853
    },
    {
        "country": "Niue",
        "costline": 64
    },
    {
        "country": "Norfolk Island",
        "costline": 32
    },
    {
        "country": "North Korea",
        "costline": null
    },
    {
        "country": "Northern Ireland",
        "costline": null
    },
    {
        "country": "Northern Mariana Islands",
        "costline": 1.482
    },
    {
        "country": "Norway",
        "costline": 25.148
    },
    {
        "country": "Oman",
        "costline": 2.092
    },
    {
        "country": "Pakistan",
        "costline": 1.046
    },
    {
        "country": "Palau",
        "costline": 1.519
    },
    {
        "country": "Palestine",
        "costline": null
    },
    {
        "country": "Panama",
        "costline": 2.49
    },
    {
        "country": "Papua New Guinea",
        "costline": 5.152
    },
    {
        "country": "Paraguay",
        "costline": 0
    },
    {
        "country": "Peru",
        "costline": 2.414
    },
    {
        "country": "Philippines",
        "costline": 36.289
    },
    {
        "country": "Pitcairn",
        "costline": null
    },
    {
        "country": "Poland",
        "costline": 440
    },
    {
        "country": "Portugal",
        "costline": 1.793
    },
    {
        "country": "Puerto Rico",
        "costline": 501
    },
    {
        "country": "Qatar",
        "costline": 563
    },
    {
        "country": "Reunion",
        "costline": 219
    },
    {
        "country": "Romania",
        "costline": 225
    },
    {
        "country": "Russian Federation",
        "costline": null
    },
    {
        "country": "Rwanda",
        "costline": 0
    },
    {
        "country": "Saint Helena",
        "costline": null
    },
    {
        "country": "Saint Kitts and Nevis",
        "costline": 135
    },
    {
        "country": "Saint Lucia",
        "costline": 158
    },
    {
        "country": "Saint Pierre and Miquelon",
        "costline": 120
    },
    {
        "country": "Saint Vincent and the Grenadines",
        "costline": 84
    },
    {
        "country": "Samoa",
        "costline": 403
    },
    {
        "country": "San Marino",
        "costline": 0
    },
    {
        "country": "Sao Tome and Principe",
        "costline": 209
    },
    {
        "country": "Saudi Arabia",
        "costline": 2.64
    },
    {
        "country": "Scotland",
        "costline": null
    },
    {
        "country": "Senegal",
        "costline": 531
    },
    {
        "country": "Serbia",
        "costline": 199
    },
    {
        "country": "Seychelles",
        "costline": 491
    },
    {
        "country": "Sierra Leone",
        "costline": 402
    },
    {
        "country": "Singapore",
        "costline": 193
    },
    {
        "country": "Slovakia",
        "costline": 0
    },
    {
        "country": "Slovenia",
        "costline": 46.6
    },
    {
        "country": "Solomon Islands",
        "costline": 5.313
    },
    {
        "country": "Somalia",
        "costline": 3.333
    },
    {
        "country": "South Africa",
        "costline": 2.798
    },
    {
        "country": "South Georgia and the South Sandwich Islands",
        "costline": 0
    },
    {
        "country": "South Korea",
        "costline": null
    },
    {
        "country": "South Sudan",
        "costline": 0
    },
    {
        "country": "Spain",
        "costline": 4.964
    },
    {
        "country": "Sri Lanka",
        "costline": null
    },
    {
        "country": "Sudan",
        "costline": 853
    },
    {
        "country": "Suriname",
        "costline": 386
    },
    {
        "country": "Svalbard and Jan Mayen",
        "costline": null
    },
    {
        "country": "Swaziland",
        "costline": 0
    },
    {
        "country": "Sweden",
        "costline": 3.218
    },
    {
        "country": "Switzerland",
        "costline": 0
    },
    {
        "country": "Syria",
        "costline": 193
    },
    {
        "country": "Tajikistan",
        "costline": 0
    },
    {
        "country": "Tanzania",
        "costline": 1.424
    },
    {
        "country": "Thailand",
        "costline": 3.219
    },
    {
        "country": "The Democratic Republic of Congo",
        "costline": null
    },
    {
        "country": "Togo",
        "costline": 56
    },
    {
        "country": "Tokelau",
        "costline": 101
    },
    {
        "country": "Tonga",
        "costline": 419
    },
    {
        "country": "Trinidad and Tobago",
        "costline": 362
    },
    {
        "country": "Tunisia",
        "costline": 1.148
    },
    {
        "country": "Turkey",
        "costline": 7.2
    },
    {
        "country": "Turkmenistan",
        "costline": 0
    },
    {
        "country": "Turks and Caicos Islands",
        "costline": 389
    },
    {
        "country": "Tuvalu",
        "costline": 24
    },
    {
        "country": "Uganda",
        "costline": 0
    },
    {
        "country": "Ukraine",
        "costline": 2.782
    },
    {
        "country": "United Arab Emirates",
        "costline": 1.318
    },
    {
        "country": "United Kingdom",
        "costline": 12.429
    },
    {
        "country": "United States",
        "costline": 19.924
    },
    {
        "country": "United States Minor Outlying Islands",
        "costline": null
    },
    {
        "country": "Uruguay",
        "costline": 660
    },
    {
        "country": "Uzbekistan",
        "costline": 0
    },
    {
        "country": "Vanuatu",
        "costline": 2.528
    },
    {
        "country": "Venezuela",
        "costline": 2.8
    },
    {
        "country": "Vietnam",
        "costline": 3.444
    },
    {
        "country": "Virgin Islands, British",
        "costline": null
    },
    {
        "country": "Virgin Islands, U.S.",
        "costline": null
    },
    {
        "country": "Wales",
        "costline": null
    },
    {
        "country": "Wallis and Futuna",
        "costline": 129
    },
    {
        "country": "Western Sahara",
        "costline": 1.11
    },
    {
        "country": "Yemen",
        "costline": 1.906
    },
    {
        "country": "Zambia",
        "costline": 0
    },
    {
        "country": "Zimbabwe",
        "costline": 0
    }
]