[
    {
        "country": "Afghanistan",
        "density": 56.93776001
    },
    {
        "country": "Albania",
        "density": 104.6122628
    },
    {
        "country": "Algeria",
        "density": 17.73007507
    },
    {
        "country": "American Samoa",
        "density": 277.325
    },
    {
        "country": "Andorra",
        "density": 163.8425532
    },
    {
        "country": "Angola",
        "density": 24.71305206
    },
    {
        "country": "Anguilla",
        "density": 167
    },
    {
        "country": "Antarctica",
        "density": 0.0035
    },
    {
        "country": "Antigua and Barbuda",
        "density": 218.8318182
    },
    {
        "country": "Argentina",
        "density": 16.2585101
    },
    {
        "country": "Armenia",
        "density": 103.6802248
    },
    {
        "country": "Aruba",
        "density": 588.0277778
    },
    {
        "country": "Australia",
        "density": 3.249129487
    },
    {
        "country": "Austria",
        "density": 107.2069267
    },
    {
        "country": "Azerbaijan",
        "density": 120.2653199
    },
    {
        "country": "Bahamas",
        "density": 38.52547453
    },
    {
        "country": "Bahrain",
        "density": 2017.2737
    },
    {
        "country": "Bangladesh",
        "density": 1239.579312
    },
    {
        "country": "Barbados",
        "density": 666.6069767
    },
    {
        "country": "Belarus",
        "density": 46.7287999
    },
    {
        "country": "Belgium",
        "density": 377.2149273
    },
    {
        "country": "Belize",
        "density": 16.79399386
    },
    {
        "country": "Benin",
        "density": 101.8539198
    },
    {
        "country": "Bermuda",
        "density": 1184.592572
    },
    {
        "country": "Bhutan",
        "density": 19.77752777
    },
    {
        "country": "Bolivia",
        "density": 10.48014585
    },
    {
        "country": "Bosnia and Herzegovina",
        "density": 64.92048828
    },
    {
        "country": "Botswana",
        "density": 3.977424876
    },
    {
        "country": "Bouvet Island",
        "density": 0
    },
    {
        "country": "Brazil",
        "density": 25.06171624
    },
    {
        "country": "British Indian Ocean Territory",
        "density": 58.3
    },
    {
        "country": "Brunei",
        "density": 81.39696395
    },
    {
        "country": "Bulgaria",
        "density": 64.70353721
    },
    {
        "country": "Burkina Faso",
        "density": 72.19128289
    },
    {
        "country": "Burundi",
        "density": 435.178271
    },
    {
        "country": "Cambodia",
        "density": 92.05641287
    },
    {
        "country": "Cameroon",
        "density": 53.34398891
    },
    {
        "country": "Canada",
        "density": 4.075308214
    },
    {
        "country": "Cape Verde",
        "density": 134.9297767
    },
    {
        "country": "Cayman Islands",
        "density": 267.3916667
    },
    {
        "country": "Central African Republic",
        "density": 7.490412212
    },
    {
        "country": "Chad",
        "density": 12.29173364
    },
    {
        "country": "Chile",
        "density": 25.18944607
    },
    {
        "country": "China",
        "density": 148.3488333
    },
    {
        "country": "Christmas Island",
        "density": 10.39
    },
    {
        "country": "Cocos (Keeling) Islands",
        "density": 40.46
    },
    {
        "country": "Colombia",
        "density": 44.74870212
    },
    {
        "country": "Comoros",
        "density": 447.2444775
    },
    {
        "country": "Congo",
        "density": 15.35684627
    },
    {
        "country": "Cook Islands",
        "density": 73
    },
    {
        "country": "Costa Rica",
        "density": 97.91306306
    },
    {
        "country": "Croatia",
        "density": 73.077198
    },
    {
        "country": "Cuba",
        "density": 108.9995962
    },
    {
        "country": "Cyprus",
        "density": 128.7083333
    },
    {
        "country": "Czech Republic",
        "density": 137.6028879
    },
    {
        "country": "Denmark",
        "density": 138.0673017
    },
    {
        "country": "Djibouti",
        "density": 41.36842105
    },
    {
        "country": "Dominica",
        "density": 95.5
    },
    {
        "country": "Dominican Republic",
        "density": 219.9785759
    },
    {
        "country": "East Timor",
        "density": 85.27
    },
    {
        "country": "Ecuador",
        "density": 68.78868175
    },
    {
        "country": "Egypt",
        "density": 98.87346929
    },
    {
        "country": "El Salvador",
        "density": 309.8814672
    },
    {
        "country": "England",
        "density": 259
    },
    {
        "country": "Equatorial Guinea",
        "density": 46.66573975
    },
    {
        "country": "Eritrea",
        "density": 35
    },
    {
        "country": "Estonia",
        "density": 30.38610536
    },
    {
        "country": "Ethiopia",
        "density": 109.224559
    },
    {
        "country": "Falkland Islands",
        "density": 0.28
    },
    {
        "country": "Faroe Islands",
        "density": 34.73996983
    },
    {
        "country": "Fiji Islands",
        "density": 48.35703339
    },
    {
        "country": "Finland",
        "density": 18.15685565
    },
    {
        "country": "France",
        "density": 122.3383957
    },
    {
        "country": "French Guiana",
        "density": 3.5
    },
    {
        "country": "French Polynesia",
        "density": 75.86857923
    },
    {
        "country": "French Southern territories",
        "density": 0
    },
    {
        "country": "Gabon",
        "density": 8.224764233
    },
    {
        "country": "Gambia",
        "density": 225.3065217
    },
    {
        "country": "Georgia",
        "density": 65.27520207
    },
    {
        "country": "Germany",
        "density": 237.3709698
    },
    {
        "country": "Ghana",
        "density": 130.8214292
    },
    {
        "country": "Gibraltar",
        "density": 3371.8
    },
    {
        "country": "Greece",
        "density": 83.22473235
    },
    {
        "country": "Greenland",
        "density": 0.136496528
    },
    {
        "country": "Grenada",
        "density": 327.8058824
    },
    {
        "country": "Guadeloupe",
        "density": 243.1
    },
    {
        "country": "Guam",
        "density": 306.9777778
    },
    {
        "country": "Guatemala",
        "density": 160.9537794
    },
    {
        "country": "Guinea",
        "density": 50.52221227
    },
    {
        "country": "Guinea-Bissau",
        "density": 66.65394737
    },
    {
        "country": "Guyana",
        "density": 3.957348235
    },
    {
        "country": "Haiti",
        "density": 403.5985486
    },
    {
        "country": "Heard Island and McDonald Islands",
        "density": 0
    },
    {
        "country": "Holy See (Vatican City State)",
        "density": 924
    },
    {
        "country": "Honduras",
        "density": 85.68703191
    },
    {
        "country": "Hong Kong",
        "density": 7096.190476
    },
    {
        "country": "Hungary",
        "density": 107.9066055
    },
    {
        "country": "Iceland",
        "density": 3.526922693
    },
    {
        "country": "India",
        "density": 454.9380726
    },
    {
        "country": "Indonesia",
        "density": 147.7521901
    },
    {
        "country": "Iran",
        "density": 50.22242012
    },
    {
        "country": "Iraq",
        "density": 88.53057004
    },
    {
        "country": "Ireland",
        "density": 70.45298302
    },
    {
        "country": "Israel",
        "density": 410.5268022
    },
    {
        "country": "Italy",
        "density": 205.4507479
    },
    {
        "country": "Ivory Coast",
        "density": 78.83405346
    },
    {
        "country": "Jamaica",
        "density": 270.9930748
    },
    {
        "country": "Japan",
        "density": 347.0734584
    },
    {
        "country": "Jordan",
        "density": 112.1424983
    },
    {
        "country": "Kazakhstan",
        "density": 6.769825907
    },
    {
        "country": "Kenya",
        "density": 90.29941666
    },
    {
        "country": "Kiribati",
        "density": 143.0209877
    },
    {
        "country": "Kuwait",
        "density": 232.1722222
    },
    {
        "country": "Kyrgyzstan",
        "density": 32.92909281
    },
    {
        "country": "Laos",
        "density": 30.59578423
    },
    {
        "country": "Latvia",
        "density": 30.98330653
    },
    {
        "country": "Lebanon",
        "density": 669.4941349
    },
    {
        "country": "Lesotho",
        "density": 69.43781291
    },
    {
        "country": "Liberia",
        "density": 50.03090739
    },
    {
        "country": "Libyan Arab Jamahiriya",
        "density": 3.795632381
    },
    {
        "country": "Liechtenstein",
        "density": 236.9375
    },
    {
        "country": "Lithuania",
        "density": 44.53135138
    },
    {
        "country": "Luxembourg",
        "density": 250.0938272
    },
    {
        "country": "Macao",
        "density": 20777.50026
    },
    {
        "country": "North Macedonia",
        "density": 82.6
    },
    {
        "country": "Madagascar",
        "density": 45.13985562
    },
    {
        "country": "Malawi",
        "density": 192.4407616
    },
    {
        "country": "Malaysia",
        "density": 95.96282149
    },
    {
        "country": "Maldives",
        "density": 1718.986667
    },
    {
        "country": "Mali",
        "density": 15.63501586
    },
    {
        "country": "Malta",
        "density": 1511.03125
    },
    {
        "country": "Marshall Islands",
        "density": 324.5166667
    },
    {
        "country": "Martinique",
        "density": 330
    },
    {
        "country": "Mauritania",
        "density": 4.272163578
    },
    {
        "country": "Mauritius",
        "density": 623.3019704
    },
    {
        "country": "Mayotte",
        "density": 728
    },
    {
        "country": "Mexico",
        "density": 64.91462641
    },
    {
        "country": "Micronesia, Federated States of",
        "density": 160.9142857
    },
    {
        "country": "Moldova",
        "density": 123.5198035
    },
    {
        "country": "Monaco",
        "density": 19196
    },
    {
        "country": "Mongolia",
        "density": 2.040608667
    },
    {
        "country": "Montserrat",
        "density": 50
    },
    {
        "country": "Morocco",
        "density": 80.72851893
    },
    {
        "country": "Mozambique",
        "density": 37.50853531
    },
    {
        "country": "Myanmar",
        "density": 82.23861548
    },
    {
        "country": "Namibia",
        "density": 2.973745582
    },
    {
        "country": "Nauru",
        "density": 635.2
    },
    {
        "country": "Nepal",
        "density": 195.9391071
    },
    {
        "country": "Netherlands",
        "density": 511.4579104
    },
    {
        "country": "Netherlands Antilles",
        "density": 80
    },
    {
        "country": "New Caledonia",
        "density": 15.53938731
    },
    {
        "country": "New Zealand",
        "density": 18.55417569
    },
    {
        "country": "Nicaragua",
        "density": 53.72704836
    },
    {
        "country": "Niger",
        "density": 17.71765059
    },
    {
        "country": "Nigeria",
        "density": 215.064989
    },
    {
        "country": "Niue",
        "density": 5.35
    },
    {
        "country": "Norfolk Island",
        "density": 61.9
    },
    {
        "country": "North Korea",
        "density": 212.1901752
    },
    {
        "country": "Northern Ireland",
        "density": 133
    },
    {
        "country": "Northern Mariana Islands",
        "density": 123.6565217
    },
    {
        "country": "Norway",
        "density": 14.55491954
    },
    {
        "country": "Oman",
        "density": 15.6041454
    },
    {
        "country": "Pakistan",
        "density": 275.2893187
    },
    {
        "country": "Palau",
        "density": 38.92826087
    },
    {
        "country": "Palestine",
        "density": 758.9845515
    },
    {
        "country": "Panama",
        "density": 56.18607748
    },
    {
        "country": "Papua New Guinea",
        "density": 19.00436338
    },
    {
        "country": "Paraguay",
        "density": 17.50835892
    },
    {
        "country": "Peru",
        "density": 24.99160625
    },
    {
        "country": "Philippines",
        "density": 357.6883053
    },
    {
        "country": "Pitcairn",
        "density": 10
    },
    {
        "country": "Poland",
        "density": 124.0358862
    },
    {
        "country": "Portugal",
        "density": 112.2394535
    },
    {
        "country": "Puerto Rico",
        "density": 360.2201804
    },
    {
        "country": "Qatar",
        "density": 239.5931955
    },
    {
        "country": "Reunion",
        "density": 358
    },
    {
        "country": "Romania",
        "density": 84.63984701
    },
    {
        "country": "Russian Federation",
        "density": 8.822079555
    },
    {
        "country": "Rwanda",
        "density": 498.6598703
    },
    {
        "country": "Saint Helena",
        "density": 37.3
    },
    {
        "country": "Saint Kitts and Nevis",
        "density": 201.6961538
    },
    {
        "country": "Saint Lucia",
        "density": 298.1786885
    },
    {
        "country": "Saint Pierre and Miquelon",
        "density": 26.0
    },
    {
        "country": "Saint Vincent and the Grenadines",
        "density": 282.5897436
    },
    {
        "country": "Samoa",
        "density": 69.30388693
    },
    {
        "country": "San Marino",
        "density": 563.0833333
    },
    {
        "country": "Sao Tome and Principe",
        "density": 219.8208333
    },
    {
        "country": "Saudi Arabia",
        "density": 15.67665431
    },
    {
        "country": "Scotland",
        "density": 67.2
    },
    {
        "country": "Senegal",
        "density": 82.34747832
    },
    {
        "country": "Serbia",
        "density": 100
    },
    {
        "country": "Seychelles",
        "density": 210.3521739
    },
    {
        "country": "Sierra Leone",
        "density": 105.987171
    },
    {
        "country": "Singapore",
        "density": 7952.998418
    },
    {
        "country": "Slovakia",
        "density": 113.2905782
    },
    {
        "country": "Slovenia",
        "density": 102.6398595
    },
    {
        "country": "Solomon Islands",
        "density": 23.32468739
    },
    {
        "country": "Somalia",
        "density": 23.9234769
    },
    {
        "country": "South Africa",
        "density": 47.63011978
    },
    {
        "country": "South Georgia and the South Sandwich Islands",
        "density": 0
    },
    {
        "country": "South Korea",
        "density": 529.6521036
    },
    {
        "country": "South Sudan",
        "density": 20.3
    },
    {
        "country": "Spain",
        "density": 93.52905826
    },
    {
        "country": "Sri Lanka",
        "density": 345.558922
    },
    {
        "country": "Sudan",
        "density": 20.73
    },
    {
        "country": "Suriname",
        "density": 3.69225
    },
    {
        "country": "Svalbard and Jan Mayen",
        "density": 0.044
    },
    {
        "country": "Swaziland",
        "density": 66.05761628
    },
    {
        "country": "Sweden",
        "density": 25.00104343
    },
    {
        "country": "Switzerland",
        "density": 215.5213784
    },
    {
        "country": "Syria",
        "density": 92.06710777
    },
    {
        "country": "Tajikistan",
        "density": 65.57271417
    },
    {
        "country": "Tanzania",
        "density": 63.5790788
    },
    {
        "country": "Thailand",
        "density": 135.8972068
    },
    {
        "country": "The Democratic Republic of Congo",
        "density": 37.08259236
    },
    {
        "country": "Togo",
        "density": 145.0467733
    },
    {
        "country": "Tokelau",
        "density": 115
    },
    {
        "country": "Tonga",
        "density": 143.3291667
    },
    {
        "country": "Trinidad and Tobago",
        "density": 270.9274854
    },
    {
        "country": "Tunisia",
        "density": 74.44132338
    },
    {
        "country": "Turkey",
        "density": 106.9601289
    },
    {
        "country": "Turkmenistan",
        "density": 12.45059477
    },
    {
        "country": "Turks and Caicos Islands",
        "density": 39.64736842
    },
    {
        "country": "Tuvalu",
        "density": 383.6
    },
    {
        "country": "Uganda",
        "density": 213.0617345
    },
    {
        "country": "Ukraine",
        "density": 77.02966735
    },
    {
        "country": "United Arab Emirates",
        "density": 135.6091101
    },
    {
        "country": "United Kingdom",
        "density": 274.8273922
    },
    {
        "country": "United States",
        "density": 35.76608858
    },
    {
        "country": "United States Minor Outlying Islands",
        "density": 9
    },
    {
        "country": "Uruguay",
        "density": 19.70802765
    },
    {
        "country": "Uzbekistan",
        "density": 77.46920545
    },
    {
        "country": "Vanuatu",
        "density": 24.00984413
    },
    {
        "country": "Venezuela",
        "density": 32.73079191
    },
    {
        "country": "Vietnam",
        "density": 308.1252459
    },
    {
        "country": "Virgin Islands, British",
        "density": 198.68
    },
    {
        "country": "Virgin Islands, U.S.",
        "density": 305.6485714
    },
    {
        "country": "Wales",
        "density": 151.4
    },
    {
        "country": "Wallis and Futuna",
        "density": 83.55
    },
    {
        "country": "Western Sahara",
        "density": 2.03
    },
    {
        "country": "Yemen",
        "density": 53.97785291
    },
    {
        "country": "Zambia",
        "density": 23.3414789
    },
    {
        "country": "Zimbabwe",
        "density": 37.32459093
    }
]
