[
    {
        "country": "Afghanistan",
        "independence": 1919
    },
    {
        "country": "Albania",
        "independence": 1912
    },
    {
        "country": "Algeria",
        "independence": 1962
    },
    {
        "country": "American Samoa",
        "independence": null
    },
    {
        "country": "Andorra",
        "independence": 1278
    },
    {
        "country": "Angola",
        "independence": 1975
    },
    {
        "country": "Anguilla",
        "independence": null
    },
    {
        "country": "Antarctica",
        "independence": null
    },
    {
        "country": "Antigua and Barbuda",
        "independence": 1981
    },
    {
        "country": "Argentina",
        "independence": 1816
    },
    {
        "country": "Armenia",
        "independence": 1991
    },
    {
        "country": "Aruba",
        "independence": null
    },
    {
        "country": "Australia",
        "independence": 1901
    },
    {
        "country": "Austria",
        "independence": 1918
    },
    {
        "country": "Azerbaijan",
        "independence": 1991
    },
    {
        "country": "Bahamas",
        "independence": 1973
    },
    {
        "country": "Bahrain",
        "independence": 1971
    },
    {
        "country": "Bangladesh",
        "independence": 1971
    },
    {
        "country": "Barbados",
        "independence": 1966
    },
    {
        "country": "Belarus",
        "independence": 1991
    },
    {
        "country": "Belgium",
        "independence": 1830
    },
    {
        "country": "Belize",
        "independence": 1981
    },
    {
        "country": "Benin",
        "independence": 1960
    },
    {
        "country": "Bermuda",
        "independence": null
    },
    {
        "country": "Bhutan",
        "independence": 1910
    },
    {
        "country": "Bolivia",
        "independence": 1825
    },
    {
        "country": "Bosnia and Herzegovina",
        "independence": 1992
    },
    {
        "country": "Botswana",
        "independence": 1966
    },
    {
        "country": "Bouvet Island",
        "independence": null
    },
    {
        "country": "Brazil",
        "independence": 1822
    },
    {
        "country": "British Indian Ocean Territory",
        "independence": null
    },
    {
        "country": "Brunei",
        "independence": 1984
    },
    {
        "country": "Bulgaria",
        "independence": 1908
    },
    {
        "country": "Burkina Faso",
        "independence": 1960
    },
    {
        "country": "Burundi",
        "independence": 1962
    },
    {
        "country": "Cambodia",
        "independence": 1953
    },
    {
        "country": "Cameroon",
        "independence": 1960
    },
    {
        "country": "Canada",
        "independence": 1867
    },
    {
        "country": "Cape Verde",
        "independence": 1975
    },
    {
        "country": "Cayman Islands",
        "independence": null
    },
    {
        "country": "Central African Republic",
        "independence": 1960
    },
    {
        "country": "Chad",
        "independence": 1960
    },
    {
        "country": "Chile",
        "independence": 1810
    },
    {
        "country": "China",
        "independence": -1523
    },
    {
        "country": "Christmas Island",
        "independence": null
    },
    {
        "country": "Cocos (Keeling) Islands",
        "independence": null
    },
    {
        "country": "Colombia",
        "independence": 1810
    },
    {
        "country": "Comoros",
        "independence": 1975
    },
    {
        "country": "Congo",
        "independence": 1960
    },
    {
        "country": "Cook Islands",
        "independence": null
    },
    {
        "country": "Costa Rica",
        "independence": 1821
    },
    {
        "country": "Croatia",
        "independence": 1991
    },
    {
        "country": "Cuba",
        "independence": 1902
    },
    {
        "country": "Cyprus",
        "independence": 1960
    },
    {
        "country": "Czech Republic",
        "independence": 1993
    },
    {
        "country": "Denmark",
        "independence": 800
    },
    {
        "country": "Djibouti",
        "independence": 1977
    },
    {
        "country": "Dominica",
        "independence": 1978
    },
    {
        "country": "Dominican Republic",
        "independence": 1844
    },
    {
        "country": "East Timor",
        "independence": null
    },
    {
        "country": "Ecuador",
        "independence": 1822
    },
    {
        "country": "Egypt",
        "independence": 1922
    },
    {
        "country": "El Salvador",
        "independence": 1841
    },
    {
        "country": "England",
        "independence": null
    },
    {
        "country": "Equatorial Guinea",
        "independence": 1968
    },
    {
        "country": "Eritrea",
        "independence": 1993
    },
    {
        "country": "Estonia",
        "independence": 1991
    },
    {
        "country": "Ethiopia",
        "independence": -1000
    },
    {
        "country": "Falkland Islands",
        "independence": null
    },
    {
        "country": "Faroe Islands",
        "independence": null
    },
    {
        "country": "Fiji Islands",
        "independence": 1970
    },
    {
        "country": "Finland",
        "independence": 1917
    },
    {
        "country": "France",
        "independence": 843
    },
    {
        "country": "French Guiana",
        "independence": null
    },
    {
        "country": "French Polynesia",
        "independence": null
    },
    {
        "country": "French Southern territories",
        "independence": null
    },
    {
        "country": "Gabon",
        "independence": 1960
    },
    {
        "country": "Gambia",
        "independence": 1965
    },
    {
        "country": "Georgia",
        "independence": 1991
    },
    {
        "country": "Germany",
        "independence": 1955
    },
    {
        "country": "Ghana",
        "independence": 1957
    },
    {
        "country": "Gibraltar",
        "independence": null
    },
    {
        "country": "Greece",
        "independence": 1830
    },
    {
        "country": "Greenland",
        "independence": null
    },
    {
        "country": "Grenada",
        "independence": 1974
    },
    {
        "country": "Guadeloupe",
        "independence": null
    },
    {
        "country": "Guam",
        "independence": null
    },
    {
        "country": "Guatemala",
        "independence": 1821
    },
    {
        "country": "Guinea",
        "independence": 1958
    },
    {
        "country": "Guinea-Bissau",
        "independence": 1974
    },
    {
        "country": "Guyana",
        "independence": 1966
    },
    {
        "country": "Haiti",
        "independence": 1804
    },
    {
        "country": "Heard Island and McDonald Islands",
        "independence": null
    },
    {
        "country": "Holy See (Vatican City State)",
        "independence": 1929
    },
    {
        "country": "Honduras",
        "independence": 1838
    },
    {
        "country": "Hong Kong",
        "independence": null
    },
    {
        "country": "Hungary",
        "independence": 1918
    },
    {
        "country": "Iceland",
        "independence": 1944
    },
    {
        "country": "India",
        "independence": 1947
    },
    {
        "country": "Indonesia",
        "independence": 1945
    },
    {
        "country": "Iran",
        "independence": 1906
    },
    {
        "country": "Iraq",
        "independence": 1932
    },
    {
        "country": "Ireland",
        "independence": 1921
    },
    {
        "country": "Israel",
        "independence": 1948
    },
    {
        "country": "Italy",
        "independence": 1861
    },
    {
        "country": "Ivory Coast",
        "independence": 1960
    },
    {
        "country": "Jamaica",
        "independence": 1962
    },
    {
        "country": "Japan",
        "independence": -660
    },
    {
        "country": "Jordan",
        "independence": 1946
    },
    {
        "country": "Kazakhstan",
        "independence": 1991
    },
    {
        "country": "Kenya",
        "independence": 1963
    },
    {
        "country": "Kiribati",
        "independence": 1979
    },
    {
        "country": "Kuwait",
        "independence": 1961
    },
    {
        "country": "Kyrgyzstan",
        "independence": 1991
    },
    {
        "country": "Laos",
        "independence": 1953
    },
    {
        "country": "Latvia",
        "independence": 1991
    },
    {
        "country": "Lebanon",
        "independence": 1941
    },
    {
        "country": "Lesotho",
        "independence": 1966
    },
    {
        "country": "Liberia",
        "independence": 1847
    },
    {
        "country": "Libyan Arab Jamahiriya",
        "independence": 1951
    },
    {
        "country": "Liechtenstein",
        "independence": 1806
    },
    {
        "country": "Lithuania",
        "independence": 1991
    },
    {
        "country": "Luxembourg",
        "independence": 1867
    },
    {
        "country": "Macao",
        "independence": null
    },
    {
        "country": "North Macedonia",
        "independence": 1991
    },
    {
        "country": "Madagascar",
        "independence": 1960
    },
    {
        "country": "Malawi",
        "independence": 1964
    },
    {
        "country": "Malaysia",
        "independence": 1957
    },
    {
        "country": "Maldives",
        "independence": 1965
    },
    {
        "country": "Mali",
        "independence": 1960
    },
    {
        "country": "Malta",
        "independence": 1964
    },
    {
        "country": "Marshall Islands",
        "independence": 1990
    },
    {
        "country": "Martinique",
        "independence": null
    },
    {
        "country": "Mauritania",
        "independence": 1960
    },
    {
        "country": "Mauritius",
        "independence": 1968
    },
    {
        "country": "Mayotte",
        "independence": null
    },
    {
        "country": "Mexico",
        "independence": 1810
    },
    {
        "country": "Micronesia, Federated States of",
        "independence": 1990
    },
    {
        "country": "Moldova",
        "independence": 1991
    },
    {
        "country": "Monaco",
        "independence": 1861
    },
    {
        "country": "Mongolia",
        "independence": 1921
    },
    {
        "country": "Montenegro",
        "independence": 2006
    },
    {
        "country": "Montserrat",
        "independence": null
    },
    {
        "country": "Morocco",
        "independence": 1956
    },
    {
        "country": "Mozambique",
        "independence": 1975
    },
    {
        "country": "Myanmar",
        "independence": 1948
    },
    {
        "country": "Namibia",
        "independence": 1990
    },
    {
        "country": "Nauru",
        "independence": 1968
    },
    {
        "country": "Nepal",
        "independence": 1769
    },
    {
        "country": "Netherlands",
        "independence": 1581
    },
    {
        "country": "Netherlands Antilles",
        "independence": null
    },
    {
        "country": "New Caledonia",
        "independence": null
    },
    {
        "country": "New Zealand",
        "independence": 1907
    },
    {
        "country": "Nicaragua",
        "independence": 1838
    },
    {
        "country": "Niger",
        "independence": 1960
    },
    {
        "country": "Nigeria",
        "independence": 1960
    },
    {
        "country": "Niue",
        "independence": null
    },
    {
        "country": "Norfolk Island",
        "independence": null
    },
    {
        "country": "North Korea",
        "independence": 1948
    },
    {
        "country": "Northern Ireland",
        "independence": null
    },
    {
        "country": "Northern Mariana Islands",
        "independence": null
    },
    {
        "country": "Norway",
        "independence": 1905
    },
    {
        "country": "Oman",
        "independence": 1951
    },
    {
        "country": "Pakistan",
        "independence": 1947
    },
    {
        "country": "Palau",
        "independence": 1994
    },
    {
        "country": "Palestine",
        "independence": null
    },
    {
        "country": "Panama",
        "independence": 1903
    },
    {
        "country": "Papua New Guinea",
        "independence": 1975
    },
    {
        "country": "Paraguay",
        "independence": 1811
    },
    {
        "country": "Peru",
        "independence": 1821
    },
    {
        "country": "Philippines",
        "independence": 1946
    },
    {
        "country": "Pitcairn",
        "independence": null
    },
    {
        "country": "Poland",
        "independence": 1918
    },
    {
        "country": "Portugal",
        "independence": 1143
    },
    {
        "country": "Puerto Rico",
        "independence": null
    },
    {
        "country": "Qatar",
        "independence": 1971
    },
    {
        "country": "Reunion",
        "independence": null
    },
    {
        "country": "Romania",
        "independence": 1878
    },
    {
        "country": "Russian Federation",
        "independence": 1991
    },
    {
        "country": "Rwanda",
        "independence": 1962
    },
    {
        "country": "Saint Helena",
        "independence": null
    },
    {
        "country": "Saint Kitts and Nevis",
        "independence": 1983
    },
    {
        "country": "Saint Lucia",
        "independence": 1979
    },
    {
        "country": "Saint Pierre and Miquelon",
        "independence": null
    },
    {
        "country": "Saint Vincent and the Grenadines",
        "independence": 1979
    },
    {
        "country": "Samoa",
        "independence": 1962
    },
    {
        "country": "San Marino",
        "independence": 885
    },
    {
        "country": "Sao Tome and Principe",
        "independence": 1975
    },
    {
        "country": "Saudi Arabia",
        "independence": 1932
    },
    {
        "country": "Scotland",
        "independence": null
    },
    {
        "country": "Senegal",
        "independence": 1960
    },
    {
        "country": "Serbia",
        "independence": 2006
    },
    {
        "country": "Seychelles",
        "independence": 1976
    },
    {
        "country": "Sierra Leone",
        "independence": 1961
    },
    {
        "country": "Singapore",
        "independence": 1965
    },
    {
        "country": "Slovakia",
        "independence": 1993
    },
    {
        "country": "Slovenia",
        "independence": 1991
    },
    {
        "country": "Solomon Islands",
        "independence": 1978
    },
    {
        "country": "Somalia",
        "independence": 1960
    },
    {
        "country": "South Africa",
        "independence": 1910
    },
    {
        "country": "South Georgia and the South Sandwich Islands",
        "independence": null
    },
    {
        "country": "South Korea",
        "independence": 1948
    },
    {
        "country": "South Sudan",
        "independence": 2011
    },
    {
        "country": "Spain",
        "independence": 1492
    },
    {
        "country": "Sri Lanka",
        "independence": null
    },
    {
        "country": "Sudan",
        "independence": 1956
    },
    {
        "country": "Suriname",
        "independence": 1975
    },
    {
        "country": "Svalbard and Jan Mayen",
        "independence": null
    },
    {
        "country": "Swaziland",
        "independence": 1968
    },
    {
        "country": "Sweden",
        "independence": 836
    },
    {
        "country": "Switzerland",
        "independence": 1499
    },
    {
        "country": "Syria",
        "independence": 1941
    },
    {
        "country": "Tajikistan",
        "independence": 1991
    },
    {
        "country": "Tanzania",
        "independence": 1961
    },
    {
        "country": "Thailand",
        "independence": 1350
    },
    {
        "country": "The Democratic Republic of Congo",
        "independence": 1960
    },
    {
        "country": "Togo",
        "independence": 1960
    },
    {
        "country": "Tokelau",
        "independence": null
    },
    {
        "country": "Tonga",
        "independence": 1970
    },
    {
        "country": "Trinidad and Tobago",
        "independence": 1962
    },
    {
        "country": "Tunisia",
        "independence": 1956
    },
    {
        "country": "Turkey",
        "independence": 1923
    },
    {
        "country": "Turkmenistan",
        "independence": 1991
    },
    {
        "country": "Turks and Caicos Islands",
        "independence": null
    },
    {
        "country": "Tuvalu",
        "independence": 1978
    },
    {
        "country": "Uganda",
        "independence": 1962
    },
    {
        "country": "Ukraine",
        "independence": 1991
    },
    {
        "country": "United Arab Emirates",
        "independence": 1971
    },
    {
        "country": "United Kingdom",
        "independence": 1066
    },
    {
        "country": "United States",
        "independence": 1776
    },
    {
        "country": "United States Minor Outlying Islands",
        "independence": null
    },
    {
        "country": "Uruguay",
        "independence": 1828
    },
    {
        "country": "Uzbekistan",
        "independence": 1991
    },
    {
        "country": "Vanuatu",
        "independence": 1980
    },
    {
        "country": "Venezuela",
        "independence": 1811
    },
    {
        "country": "Vietnam",
        "independence": 1945
    },
    {
        "country": "Virgin Islands, British",
        "independence": null
    },
    {
        "country": "Virgin Islands, U.S.",
        "independence": null
    },
    {
        "country": "Wales",
        "independence": null
    },
    {
        "country": "Wallis and Futuna",
        "independence": null
    },
    {
        "country": "Western Sahara",
        "independence": null
    },
    {
        "country": "Yemen",
        "independence": 1918
    },
    {
        "country": "Zambia",
        "independence": 1964
    },
    {
        "country": "Zimbabwe",
        "independence": 1980
    }
]
